SiteReference,SiteName,UPRN,CoordinateReferenceSystem,GeoX,GeoY,Hectares,PlanningStatus,PlanningHistory,Constraints,OwnershipStatus,Owners,HousingEstimate,MinHomes,Events,Notes,OrganisationURI,OrganisationLabel,FirstAddedDate,LastUpdatedDate,Location 1,Ward,Output Areas (OA),Middle Layer Super Output Areas (MSOA),Boundary,Lower Layer Super Output Areas (LSOA)
BNBR160001,1 Wood Street,100121171367,WGS84,51.383305,-2.362752,0.01,Permissioned,http://isharemaps.bathnes.gov.uk/data.aspx?requesttype=parsetemplate&template=DevelopmentControlApplication.tmplt&basepage=data.aspx&Filter=%5erefval%5e=%2715/01219/FUL%27&SearchLayer=DCApplications,http://isharemaps.bathnes.gov.uk/data.aspx?requesttype=parsetemplate&template=DevelopmentControlApplication.tmplt&basepage=data.aspx&Filter=%5erefval%5e=%2715/01219/FUL%27&SearchLayer=DCApplications,Unknown,,5,5,,,Bath and North East Somerset,Bath and North East Somerset Council,30/06/2016,30/06/2016,"(51.383305, -2.362752)",35,11,7,1,20
BNBR160002,33 Oldfield Road,10001129937,WGS84,51.374349,-2.371373,0.39,Permissioned,http://isharemaps.bathnes.gov.uk/data.aspx?requesttype=parsetemplate&template=DevelopmentControlApplication.tmplt&basepage=data.aspx&Filter=%5erefval%5e=%2714/01080/FUL%27&SearchLayer=DCApplications,http://isharemaps.bathnes.gov.uk/data.aspx?requesttype=parsetemplate&template=DevelopmentControlApplication.tmplt&basepage=data.aspx&Filter=%5erefval%5e=%2714/01080/FUL%27&SearchLayer=DCApplications,Unknown,,8,8,,,Bath and North East Somerset,Bath and North East Somerset Council,30/06/2016,30/06/2016,"(51.374349, -2.371373)",31,354,14,1,64
BNBR160003,43 Upper Oldfield Park,100120029276,WGS84,51.376086,-2.373528,0.2,Permissioned,http://isharemaps.bathnes.gov.uk/data.aspx?requesttype=parsetemplate&template=DevelopmentControlApplication.tmplt&basepage=data.aspx&Filter=%5erefval%5e=%2707/02461/FUL%27&SearchLayer=DCApplications,http://isharemaps.bathnes.gov.uk/data.aspx?requesttype=parsetemplate&template=DevelopmentControlApplication.tmplt&basepage=data.aspx&Filter=%5erefval%5e=%2707/02461/FUL%27&SearchLayer=DCApplications,Unknown,,14,14,,,Bath and North East Somerset,Bath and North East Somerset Council,30/06/2016,30/06/2016,"(51.376086, -2.373528)",33,565,12,1,112
BNBR160004,5 - 13 Somerset Place,10001135047,WGS84,51.393065,-2.369843,1.15,Permissioned,http://isharemaps.bathnes.gov.uk/data.aspx?requesttype=parsetemplate&template=DevelopmentControlApplication.tmplt&basepage=data.aspx&Filter=%5erefval%5e=%2707/03640/FUL%27&SearchLayer=DCApplications,http://isharemaps.bathnes.gov.uk/data.aspx?requesttype=parsetemplate&template=DevelopmentControlApplication.tmplt&basepage=data.aspx&Filter=%5erefval%5e=%2707/03640/FUL%27&SearchLayer=DCApplications,Unknown,,10,10,,,Bath and North East Somerset,Bath and North East Somerset Council,30/06/2016,30/06/2016,"(51.393065, -2.369843)",21,238,7,1,1
BNBR160005,77 Lorne Road,100121174709,WGS84,51.38108,-2.375279,0.04,Permissioned,http://isharemaps.bathnes.gov.uk/data.aspx?requesttype=parsetemplate&template=DevelopmentControlApplication.tmplt&basepage=data.aspx&Filter=%5erefval%5e=%2714/05688/FUL%27&SearchLayer=DCApplications,http://isharemaps.bathnes.gov.uk/data.aspx?requesttype=parsetemplate&template=DevelopmentControlApplication.tmplt&basepage=data.aspx&Filter=%5erefval%5e=%2714/05688/FUL%27&SearchLayer=DCApplications,Unknown,,8,8,,,Bath and North East Somerset,Bath and North East Somerset Council,30/06/2016,30/06/2016,"(51.38108, -2.375279)",33,560,12,1,112
BNBR160006,Above Tesco Westgate,10023112019,WGS84,51.38103,-2.362691,0.03,Permissioned,http://isharemaps.bathnes.gov.uk/data.aspx?requesttype=parsetemplate&template=DevelopmentControlApplication.tmplt&basepage=data.aspx&Filter=%5erefval%5e=%2715/05047/ODCOU%27&SearchLayer=DCApplications,http://isharemaps.bathnes.gov.uk/data.aspx?requesttype=parsetemplate&template=DevelopmentControlApplication.tmplt&basepage=data.aspx&Filter=%5erefval%5e=%2715/05047/ODCOU%27&SearchLayer=DCApplications,Unknown,,9,9,,,Bath and North East Somerset,Bath and North East Somerset Council,30/06/2016,30/06/2016,"(51.38103, -2.362691)",35,14,7,1,20
BNBR160007,BFI Waste Systems,100121174533,WGS84,51.382403,-2.380534,0.51,Permissioned,http://isharemaps.bathnes.gov.uk/data.aspx?requesttype=parsetemplate&template=DevelopmentControlApplication.tmplt&basepage=data.aspx&Filter=%5erefval%5e=%2706/00274/FUL%27&SearchLayer=DCApplications,http://isharemaps.bathnes.gov.uk/data.aspx?requesttype=parsetemplate&template=DevelopmentControlApplication.tmplt&basepage=data.aspx&Filter=%5erefval%5e=%2706/00274/FUL%27&SearchLayer=DCApplications,Unknown,,7,7,,,Bath and North East Somerset,Bath and North East Somerset Council,30/06/2016,30/06/2016,"(51.382403, -2.380534)",32,538,13,1,103
BNBR160008,Carriage Court,10001148542,WGS84,51.387086,-2.364147,0.72,Permissioned,http://isharemaps.bathnes.gov.uk/data.aspx?requesttype=parsetemplate&template=DevelopmentControlApplication.tmplt&basepage=data.aspx&Filter=%5erefval%5e=%2711/04747/FUL%27&SearchLayer=DCApplications,http://isharemaps.bathnes.gov.uk/data.aspx?requesttype=parsetemplate&template=DevelopmentControlApplication.tmplt&basepage=data.aspx&Filter=%5erefval%5e=%2711/04747/FUL%27&SearchLayer=DCApplications,Unknown,,6,6,,,Bath and North East Somerset,Bath and North East Somerset Council,30/06/2016,30/06/2016,"(51.387086, -2.364147)",35,21,7,1,22
BNBR160009,"Cleveland House, Sydney Road",100121176378,WGS84,51.385517,-2.347911,0.07,Permissioned,http://isharemaps.bathnes.gov.uk/data.aspx?requesttype=parsetemplate&template=DevelopmentControlApplication.tmplt&basepage=data.aspx&Filter=%5erefval%5e=%2715/00998/LBA%27&SearchLayer=DCApplications,http://isharemaps.bathnes.gov.uk/data.aspx?requesttype=parsetemplate&template=DevelopmentControlApplication.tmplt&basepage=data.aspx&Filter=%5erefval%5e=%2715/00998/LBA%27&SearchLayer=DCApplications,Unknown,,7,7,,,Bath and North East Somerset,Bath and North East Somerset Council,30/06/2016,30/06/2016,"(51.385517, -2.347911)",22,74,12,1,30
BNBR160010,"E Block, MoD Ensleigh",10023111437,WGS84,51.407703,-2.370062,1.7,Permissioned,http://isharemaps.bathnes.gov.uk/data.aspx?requesttype=parsetemplate&template=DevelopmentControlApplication.tmplt&basepage=data.aspx&Filter=%5erefval%5e=%2713/00734/FUL%27&SearchLayer=DCApplications,http://isharemaps.bathnes.gov.uk/data.aspx?requesttype=parsetemplate&template=DevelopmentControlApplication.tmplt&basepage=data.aspx&Filter=%5erefval%5e=%2713/00734/FUL%27&SearchLayer=DCApplications,Unknown,,39,39,,,Bath and North East Somerset,Bath and North East Somerset Council,30/06/2016,30/06/2016,"(51.407703, -2.370062)",21,233,7,1,1
BNBR160011,Former MoD Foxhill ,10001147946,WGS84,51.363363,-2.353215,19.21,Permissioned,http://isharemaps.bathnes.gov.uk/data.aspx?requesttype=parsetemplate&template=DevelopmentControlApplication.tmplt&basepage=data.aspx&Filter=%5erefval%5e=%2714/04354/EOUT%27&SearchLayer=DCApplications,http://isharemaps.bathnes.gov.uk/data.aspx?requesttype=parsetemplate&template=DevelopmentControlApplication.tmplt&basepage=data.aspx&Filter=%5erefval%5e=%2714/04354/EOUT%27&SearchLayer=DCApplications,Unknown,,700,,,,Bath and North East Somerset,Bath and North East Somerset Council,30/06/2016,30/06/2016,"(51.363363, -2.353215)",19,107,18,1,38
BNBR160012,Former MoD Warminster Road,10001147498,WGS84,51.389675,-2.343487,6.73,Permissioned,http://isharemaps.bathnes.gov.uk/data.aspx?requesttype=parsetemplate&template=DevelopmentControlApplication.tmplt&basepage=data.aspx&Filter=%5erefval%5e=%2714/02272/EFUL%27&SearchLayer=DCApplications,http://isharemaps.bathnes.gov.uk/data.aspx?requesttype=parsetemplate&template=DevelopmentControlApplication.tmplt&basepage=data.aspx&Filter=%5erefval%5e=%2714/02272/EFUL%27&SearchLayer=DCApplications,Unknown,,204,204,,,Bath and North East Somerset,Bath and North East Somerset Council,30/06/2016,30/06/2016,"(51.389675, -2.343487)",22,71,12,1,29
BNBR160013,Future Publishing Limited,10001149432,WGS84,51.38076,-2.362689,0.13,Permissioned,http://isharemaps.bathnes.gov.uk/data.aspx?requesttype=parsetemplate&template=DevelopmentControlApplication.tmplt&basepage=data.aspx&Filter=%5erefval%5e=%2715/02374/ODCOU%27&SearchLayer=DCApplications,http://isharemaps.bathnes.gov.uk/data.aspx?requesttype=parsetemplate&template=DevelopmentControlApplication.tmplt&basepage=data.aspx&Filter=%5erefval%5e=%2715/02374/ODCOU%27&SearchLayer=DCApplications,Unknown,,31,31,,,Bath and North East Somerset,Bath and North East Somerset Council,30/06/2016,30/06/2016,"(51.38076, -2.362689)",35,14,7,1,20
BNBR160014,Hope House,10001131552,WGS84,51.390771,-2.364464,2.5,Permissioned,http://isharemaps.bathnes.gov.uk/data.aspx?requesttype=parsetemplate&template=DevelopmentControlApplication.tmplt&basepage=data.aspx&Filter=%5erefval%5e=%2714/04184/FUL%27&SearchLayer=DCApplications,http://isharemaps.bathnes.gov.uk/data.aspx?requesttype=parsetemplate&template=DevelopmentControlApplication.tmplt&basepage=data.aspx&Filter=%5erefval%5e=%2714/04184/FUL%27&SearchLayer=DCApplications,Unknown,,58,58,,,Bath and North East Somerset,Bath and North East Somerset Council,30/06/2016,30/06/2016,"(51.390771, -2.364464)",21,242,7,1,2
BNBR160015,Land At Rear Of Argos,10023110130,WGS84,51.3847,-2.376386,0.17,Permissioned,http://isharemaps.bathnes.gov.uk/data.aspx?requesttype=parsetemplate&template=DevelopmentControlApplication.tmplt&basepage=data.aspx&Filter=%5erefval%5e=%2713/04217/OUT%27&SearchLayer=DCApplications,http://isharemaps.bathnes.gov.uk/data.aspx?requesttype=parsetemplate&template=DevelopmentControlApplication.tmplt&basepage=data.aspx&Filter=%5erefval%5e=%2713/04217/OUT%27&SearchLayer=DCApplications,Unknown,,14,14,,,Bath and North East Somerset,Bath and North East Somerset Council,30/06/2016,30/06/2016,"(51.3847, -2.376386)",34,205,9,1,115
BNBR160016,Land Between 90 And Lodge Gardens,10001148693,WGS84,51.359129,-2.378848,0.28,Permissioned,http://isharemaps.bathnes.gov.uk/data.aspx?requesttype=parsetemplate&template=DevelopmentControlApplication.tmplt&basepage=data.aspx&Filter=%5erefval%5e=%2715/01662/RES%27&SearchLayer=DCApplications,http://isharemaps.bathnes.gov.uk/data.aspx?requesttype=parsetemplate&template=DevelopmentControlApplication.tmplt&basepage=data.aspx&Filter=%5erefval%5e=%2715/01662/RES%27&SearchLayer=DCApplications,Unknown,,14,14,,,Bath and North East Somerset,Bath and North East Somerset Council,30/06/2016,30/06/2016,"(51.359129, -2.378848)",30,331,19,1,60
BNBR160017,MoD Ensleigh,100121172372,WGS84,51.406353,-2.373315,8.7,Permissioned,http://isharemaps.bathnes.gov.uk/data.aspx?requesttype=parsetemplate&template=DevelopmentControlApplication.tmplt&basepage=data.aspx&Filter=%5erefval%5e=%2714/01853/EFUL%27&SearchLayer=DCApplications,http://isharemaps.bathnes.gov.uk/data.aspx?requesttype=parsetemplate&template=DevelopmentControlApplication.tmplt&basepage=data.aspx&Filter=%5erefval%5e=%2714/01853/EFUL%27&SearchLayer=DCApplications,Unknown,,253,253,,,Bath and North East Somerset,Bath and North East Somerset Council,30/06/2016,30/06/2016,"(51.406353, -2.373315)",21,233,7,1,1
BNBR160018,Newark House,10001128625,WGS84,51.378652,-2.369641,0.19,Permissioned,http://isharemaps.bathnes.gov.uk/data.aspx?requesttype=parsetemplate&template=DevelopmentControlApplication.tmplt&basepage=data.aspx&Filter=%5erefval%5e=%2712/01058/FUL%27&SearchLayer=DCApplications,http://isharemaps.bathnes.gov.uk/data.aspx?requesttype=parsetemplate&template=DevelopmentControlApplication.tmplt&basepage=data.aspx&Filter=%5erefval%5e=%2712/01058/FUL%27&SearchLayer=DCApplications,Unknown,,14,14,,,Bath and North East Somerset,Bath and North East Somerset Council,30/06/2016,30/06/2016,"(51.378652, -2.369641)",33,561,12,1,109
BNBR160019,"Norwood Dene, ",10001128614,WGS84,51.376711,-2.330373,0.5,Permissioned,http://isharemaps.bathnes.gov.uk/data.aspx?requesttype=parsetemplate&template=DevelopmentControlApplication.tmplt&basepage=data.aspx&Filter=%5erefval%5e=%2715/02616/FUL%27&SearchLayer=DCApplications,http://isharemaps.bathnes.gov.uk/data.aspx?requesttype=parsetemplate&template=DevelopmentControlApplication.tmplt&basepage=data.aspx&Filter=%5erefval%5e=%2715/02616/FUL%27&SearchLayer=DCApplications,Unknown,,,,,,Bath and North East Somerset,Bath and North East Somerset Council,30/06/2016,30/06/2016,"(51.376711, -2.330373)",22,580,12,1,29
BNBR160020,"Parish Centre, 5 Harley Street, Lansdown",100120012421,WGS84,51.388539,-2.365294,0.03,Permissioned,http://isharemaps.bathnes.gov.uk/data.aspx?requesttype=parsetemplate&template=DevelopmentControlApplication.tmplt&basepage=data.aspx&Filter=%5erefval%5e=%2714/01153/FUL%27&SearchLayer=DCApplications,http://isharemaps.bathnes.gov.uk/data.aspx?requesttype=parsetemplate&template=DevelopmentControlApplication.tmplt&basepage=data.aspx&Filter=%5erefval%5e=%2714/01153/FUL%27&SearchLayer=DCApplications,Unknown,,7,6,,,Bath and North East Somerset,Bath and North East Somerset Council,30/06/2016,30/06/2016,"(51.388539, -2.365294)",21,246,7,1,2
BNBR160021,"Riverside North Building, Walcot Yard",10001148742,WGS84,51.386789,-2.358296,0.11,Permissioned,http://isharemaps.bathnes.gov.uk/data.aspx?requesttype=parsetemplate&template=DevelopmentControlApplication.tmplt&basepage=data.aspx&Filter=%5erefval%5e=%2715/01635/ODCOU%27&SearchLayer=DCApplications,http://isharemaps.bathnes.gov.uk/data.aspx?requesttype=parsetemplate&template=DevelopmentControlApplication.tmplt&basepage=data.aspx&Filter=%5erefval%5e=%2715/01635/ODCOU%27&SearchLayer=DCApplications,Unknown,,6,6,,,Bath and North East Somerset,Bath and North East Somerset Council,30/06/2016,30/06/2016,"(51.386789, -2.358296)",35,1,7,1,20
BNBR160022,"Site Of Former Nursery, London Road West",10001150639,WGS84,51.398909,-2.33417,1,Permissioned,http://isharemaps.bathnes.gov.uk/data.aspx?requesttype=parsetemplate&template=DevelopmentControlApplication.tmplt&basepage=data.aspx&Filter=%5erefval%5e=%2714/02469/FUL%27&SearchLayer=DCApplications,http://isharemaps.bathnes.gov.uk/data.aspx?requesttype=parsetemplate&template=DevelopmentControlApplication.tmplt&basepage=data.aspx&Filter=%5erefval%5e=%2714/02469/FUL%27&SearchLayer=DCApplications,Unknown,,6,6,,,Bath and North East Somerset,Bath and North East Somerset Council,30/06/2016,30/06/2016,"(51.398909, -2.33417)",23,220,4,1,58
BNBR160023,The Bayer Building,100121174734,WGS84,51.378506,-2.364711,0.13,Permissioned,http://isharemaps.bathnes.gov.uk/data.aspx?requesttype=parsetemplate&template=DevelopmentControlApplication.tmplt&basepage=data.aspx&Filter=%5erefval%5e=%2714/00071/ODCOU%27&SearchLayer=DCApplications,http://isharemaps.bathnes.gov.uk/data.aspx?requesttype=parsetemplate&template=DevelopmentControlApplication.tmplt&basepage=data.aspx&Filter=%5erefval%5e=%2714/00071/ODCOU%27&SearchLayer=DCApplications,Unknown,,14,14,,,Bath and North East Somerset,Bath and North East Somerset Council,30/06/2016,30/06/2016,"(51.378506, -2.364711)",33,561,12,1,109
BNBR160024,The Harvester ,100121173437,WGS84,51.397403,-2.342036,0.74,Permissioned,http://isharemaps.bathnes.gov.uk/data.aspx?requesttype=parsetemplate&template=DevelopmentControlApplication.tmplt&basepage=data.aspx&Filter=%5erefval%5e=%2715/00292/FUL%27&SearchLayer=DCApplications,http://isharemaps.bathnes.gov.uk/data.aspx?requesttype=parsetemplate&template=DevelopmentControlApplication.tmplt&basepage=data.aspx&Filter=%5erefval%5e=%2715/00292/FUL%27&SearchLayer=DCApplications,Unknown,,50,50,,,Bath and North East Somerset,Bath and North East Somerset Council,30/06/2016,30/06/2016,"(51.397403, -2.342036)",23,224,4,1,58
BNBR160025,The Tramshed,10001140044,WGS84,51.385538,-2.358876,,Permissioned,http://isharemaps.bathnes.gov.uk/data.aspx?requesttype=parsetemplate&template=DevelopmentControlApplication.tmplt&basepage=data.aspx&Filter=%5erefval%5e=%2715/02408/ODCOU%27&SearchLayer=DCApplications,http://isharemaps.bathnes.gov.uk/data.aspx?requesttype=parsetemplate&template=DevelopmentControlApplication.tmplt&basepage=data.aspx&Filter=%5erefval%5e=%2715/02408/ODCOU%27&SearchLayer=DCApplications,Unknown,,16,16,,,Bath and North East Somerset,Bath and North East Somerset Council,30/06/2016,30/06/2016,"(51.385538, -2.358876)",35,11,7,1,20
BNBR160026,Walcot Yard,10001148169,WGS84,51.386608,-2.358697,0.3,Permissioned,http://isharemaps.bathnes.gov.uk/data.aspx?requesttype=parsetemplate&template=DevelopmentControlApplication.tmplt&basepage=data.aspx&Filter=%5erefval%5e=%2709/01970/FUL%27&SearchLayer=DCApplications,http://isharemaps.bathnes.gov.uk/data.aspx?requesttype=parsetemplate&template=DevelopmentControlApplication.tmplt&basepage=data.aspx&Filter=%5erefval%5e=%2709/01970/FUL%27&SearchLayer=DCApplications,Unknown,,8,8,,,Bath and North East Somerset,Bath and North East Somerset Council,30/06/2016,30/06/2016,"(51.386608, -2.358697)",35,1,7,1,20
BNBR160027,Western Riverside Development Area,10001149857,WGS84,51.383471,-2.375643,17.87,Permissioned,http://isharemaps.bathnes.gov.uk/data.aspx?requesttype=parsetemplate&template=DevelopmentControlApplication.tmplt&basepage=data.aspx&Filter=%5erefval%5e=%2706/01733/EOUT%27&SearchLayer=DCApplications,http://isharemaps.bathnes.gov.uk/data.aspx?requesttype=parsetemplate&template=DevelopmentControlApplication.tmplt&basepage=data.aspx&Filter=%5erefval%5e=%2706/01733/EOUT%27&SearchLayer=DCApplications,Unknown,,2283,2283,,,Bath and North East Somerset,Bath and North East Somerset Council,30/06/2016,30/06/2016,"(51.383471, -2.375643)",32,538,13,1,103
BNBR160028,48 Temple Street,100121178593,WGS84,51.412967,-2.49766,0.05,Permissioned,http://isharemaps.bathnes.gov.uk/data.aspx?requesttype=parsetemplate&template=DevelopmentControlApplication.tmplt&basepage=data.aspx&Filter=%5erefval%5e='14/01116/FUL'&SearchLayer=DCApplications,http://isharemaps.bathnes.gov.uk/data.aspx?requesttype=parsetemplate&template=DevelopmentControlApplication.tmplt&basepage=data.aspx&Filter=%5erefval%5e='14/01116/FUL'&SearchLayer=DCApplications,Unknown,,6,6,,,Bath and North East Somerset,Bath and North East Somerset Council,30/06/2016,30/06/2016,"(51.412967, -2.49766)",37,182,2,1,52
BNBR160029,69 Bristol Road,100120033319,WGS84,51.418016,-2.507191,0.4,Permissioned,http://isharemaps.bathnes.gov.uk/data.aspx?requesttype=parsetemplate&template=DevelopmentControlApplication.tmplt&basepage=data.aspx&Filter=%5erefval%5e='14/03208/FUL'&SearchLayer=DCApplications,http://isharemaps.bathnes.gov.uk/data.aspx?requesttype=parsetemplate&template=DevelopmentControlApplication.tmplt&basepage=data.aspx&Filter=%5erefval%5e='14/03208/FUL'&SearchLayer=DCApplications,Unknown,,9,6,,,Bath and North East Somerset,Bath and North East Somerset Council,30/06/2016,30/06/2016,"(51.418016, -2.507191)",24,171,1,1,49
BNBR160030,Somerdale,10001131586,WGS84,51.422268,-2.49487,19.8,Permissioned,http://isharemaps.bathnes.gov.uk/data.aspx?requesttype=parsetemplate&template=DevelopmentControlApplication.tmplt&basepage=data.aspx&Filter=%5erefval%5e=%2713/01780/EOUT%27&SearchLayer=DCApplications,http://isharemaps.bathnes.gov.uk/data.aspx?requesttype=parsetemplate&template=DevelopmentControlApplication.tmplt&basepage=data.aspx&Filter=%5erefval%5e=%2713/01780/EOUT%27&SearchLayer=DCApplications,Unknown,,419,419,,,Bath and North East Somerset,Bath and North East Somerset Council,30/06/2016,30/06/2016,"(51.422268, -2.49487)",24,161,1,1,48
BNBR160031,"15 Greenlands Road, Paulton ",100120011905,WGS84,51.316166,-2.428556,0.4,Permissioned,http://isharemaps.bathnes.gov.uk/data.aspx?requesttype=parsetemplate&template=DevelopmentControlApplication.tmplt&basepage=data.aspx&Filter=%5erefval%5e='13/05436/FUL'&SearchLayer=DCApplications,http://isharemaps.bathnes.gov.uk/data.aspx?requesttype=parsetemplate&template=DevelopmentControlApplication.tmplt&basepage=data.aspx&Filter=%5erefval%5e='13/05436/FUL'&SearchLayer=DCApplications,Unknown,,7,6,,,Bath and North East Somerset,Bath and North East Somerset Council,30/06/2016,30/06/2016,"(51.316166, -2.428556)",15,381,22,1,73
BNBR160032,32 Clapton Road,100120006149,WGS84,51.28416,-2.495477,0.14,Permissioned,http://isharemaps.bathnes.gov.uk/data.aspx?requesttype=parsetemplate&template=DevelopmentControlApplication.tmplt&basepage=data.aspx&Filter=%5erefval%5e='11/05494/CLPU'&SearchLayer=DCApplications,http://isharemaps.bathnes.gov.uk/data.aspx?requesttype=parsetemplate&template=DevelopmentControlApplication.tmplt&basepage=data.aspx&Filter=%5erefval%5e='11/05494/CLPU'&SearchLayer=DCApplications,Unknown,,5,4,,,Bath and North East Somerset,Bath and North East Somerset Council,30/06/2016,30/06/2016,"(51.28416, -2.495477)",25,306,27,1,14
BNBR160033,"Automobile Services, 37 Coombend",10023107438,WGS84,51.297536,-2.452062,0.35,Permissioned,http://isharemaps.bathnes.gov.uk/data.aspx?requesttype=parsetemplate&template=DevelopmentControlApplication.tmplt&basepage=data.aspx&Filter=%5erefval%5e='11/04249/FUL'&SearchLayer=DCApplications,http://isharemaps.bathnes.gov.uk/data.aspx?requesttype=parsetemplate&template=DevelopmentControlApplication.tmplt&basepage=data.aspx&Filter=%5erefval%5e='11/04249/FUL'&SearchLayer=DCApplications,Unknown,,7,7,,,Bath and North East Somerset,Bath and North East Somerset Council,30/06/2016,30/06/2016,"(51.297536, -2.452062)",12,409,24,1,76
BNBR160034,"Designer Composites, Fosseway",100121177902,WGS84,51.2821,-2.469503,0.48,Permissioned,http://isharemaps.bathnes.gov.uk/data.aspx?requesttype=parsetemplate&template=DevelopmentControlApplication.tmplt&basepage=data.aspx&Filter=%5erefval%5e='12/00107/FUL'&SearchLayer=DCApplications,http://isharemaps.bathnes.gov.uk/data.aspx?requesttype=parsetemplate&template=DevelopmentControlApplication.tmplt&basepage=data.aspx&Filter=%5erefval%5e='12/00107/FUL'&SearchLayer=DCApplications,Unknown,,7,7,,,Bath and North East Somerset,Bath and North East Somerset Council,30/06/2016,30/06/2016,"(51.2821, -2.469503)",26,516,26,1,98
BNBR160035,"Fir Tree Inn, 140 Frome Road",100121177682,WGS84,51.288305,-2.429615,0.2,Permissioned,http://isharemaps.bathnes.gov.uk/data.aspx?requesttype=parsetemplate&template=DevelopmentControlApplication.tmplt&basepage=data.aspx&Filter=%5erefval%5e='11/00285/FUL'&SearchLayer=DCApplications,http://isharemaps.bathnes.gov.uk/data.aspx?requesttype=parsetemplate&template=DevelopmentControlApplication.tmplt&basepage=data.aspx&Filter=%5erefval%5e='11/00285/FUL'&SearchLayer=DCApplications,Unknown,,9,9,,,Bath and North East Somerset,Bath and North East Somerset Council,30/06/2016,30/06/2016,"(51.288305, -2.429615)",12,416,24,1,78
BNBR160036,Former GWR Railway Line Frome Road AREA 1,10001148394,WGS84,51.291408,-2.446179,8.72,Permissioned,http://isharemaps.bathnes.gov.uk/data.aspx?requesttype=parsetemplate&template=DevelopmentControlApplication.tmplt&basepage=data.aspx&Filter=%5erefval%5e='13/02436/EOUT'&SearchLayer=DCApplications,http://isharemaps.bathnes.gov.uk/data.aspx?requesttype=parsetemplate&template=DevelopmentControlApplication.tmplt&basepage=data.aspx&Filter=%5erefval%5e='13/02436/EOUT'&SearchLayer=DCApplications,Unknown,,69,69,,,Bath and North East Somerset,Bath and North East Somerset Council,30/06/2016,30/06/2016,"(51.291408, -2.446179)",12,413,24,1,79
BNBR160037,Former Gwr Railway Line Frome Road AREA 3,10001148394,WGS84,51.291552,-2.44631,5.9,Permissioned,http://isharemaps.bathnes.gov.uk/data.aspx?requesttype=parsetemplate&template=DevelopmentControlApplication.tmplt&basepage=data.aspx&Filter=%5erefval%5e='15/01965/RES'&SearchLayer=DCApplications,http://isharemaps.bathnes.gov.uk/data.aspx?requesttype=parsetemplate&template=DevelopmentControlApplication.tmplt&basepage=data.aspx&Filter=%5erefval%5e='15/01965/RES'&SearchLayer=DCApplications,Unknown,,71,71,,,Bath and North East Somerset,Bath and North East Somerset Council,30/06/2016,30/06/2016,"(51.291552, -2.44631)",12,413,24,1,79
BNBR160038,"King's Arms, 36 Chilcompton Road",100120043930,WGS84,51.2811,-2.494053,0.02,Permissioned,http://isharemaps.bathnes.gov.uk/data.aspx?requesttype=parsetemplate&template=DevelopmentControlApplication.tmplt&basepage=data.aspx&Filter=%5erefval%5e='11/04992/FUL'&SearchLayer=DCApplications,http://isharemaps.bathnes.gov.uk/data.aspx?requesttype=parsetemplate&template=DevelopmentControlApplication.tmplt&basepage=data.aspx&Filter=%5erefval%5e='11/04992/FUL'&SearchLayer=DCApplications,Unknown,,9,8,,,Bath and North East Somerset,Bath and North East Somerset Council,30/06/2016,30/06/2016,"(51.2811, -2.494053)",25,302,27,1,13
BNBR160039,NR11: Hazel Terrace,10001150473,WGS84,51.282703,-2.464964,0.14,Permissioned,http://isharemaps.bathnes.gov.uk/data.aspx?requesttype=parsetemplate&template=DevelopmentControlApplication.tmplt&basepage=data.aspx&Filter=%5erefval%5e='09/02760/FUL'&SearchLayer=DCApplications,http://isharemaps.bathnes.gov.uk/data.aspx?requesttype=parsetemplate&template=DevelopmentControlApplication.tmplt&basepage=data.aspx&Filter=%5erefval%5e='09/02760/FUL'&SearchLayer=DCApplications,Unknown,,24,24,,,Bath and North East Somerset,Bath and North East Somerset Council,30/06/2016,30/06/2016,"(51.282703, -2.464964)",26,516,26,1,98
BNBR160040,Parcel 6781 Cobblers Way ,10001148228,WGS84,51.282703,-2.464964,2.2,Permissioned,http://isharemaps.bathnes.gov.uk/data.aspx?requesttype=parsetemplate&template=DevelopmentControlApplication.tmplt&basepage=data.aspx&Filter=%5erefval%5e='14/04003/OUT'&SearchLayer=DCApplications,http://isharemaps.bathnes.gov.uk/data.aspx?requesttype=parsetemplate&template=DevelopmentControlApplication.tmplt&basepage=data.aspx&Filter=%5erefval%5e='14/04003/OUT'&SearchLayer=DCApplications,Unknown,,81,81,,,Bath and North East Somerset,Bath and North East Somerset Council,30/06/2016,30/06/2016,"(51.282703, -2.464964)",26,516,26,1,98
BNBR160041,Paulton Builders Merchants,100121179982,WGS84,51.307092,-2.503284,0.32,Permissioned,http://isharemaps.bathnes.gov.uk/data.aspx?requesttype=parsetemplate&template=DevelopmentControlApplication.tmplt&basepage=data.aspx&Filter=%5erefval%5e='12/02181/FUL'&SearchLayer=DCApplications,http://isharemaps.bathnes.gov.uk/data.aspx?requesttype=parsetemplate&template=DevelopmentControlApplication.tmplt&basepage=data.aspx&Filter=%5erefval%5e='12/02181/FUL'&SearchLayer=DCApplications,Unknown,,11,9,,,Bath and North East Somerset,Bath and North East Somerset Council,30/06/2016,30/06/2016,"(51.307092, -2.503284)",13,363,23,1,68
BNBR160042,"Paulton House, Old Mills, ",200002910519,WGS84,51.294263,-2.500763,1.27,Permissioned,http://isharemaps.bathnes.gov.uk/data.aspx?requesttype=parsetemplate&template=DevelopmentControlApplication.tmplt&basepage=data.aspx&Filter=%5erefval%5e='13/05026/ODCOU'&SearchLayer=DCApplications,http://isharemaps.bathnes.gov.uk/data.aspx?requesttype=parsetemplate&template=DevelopmentControlApplication.tmplt&basepage=data.aspx&Filter=%5erefval%5e='13/05026/ODCOU'&SearchLayer=DCApplications,Unknown,,58,58,,,Bath and North East Somerset,Bath and North East Somerset Council,30/06/2016,30/06/2016,"(51.294263, -2.500763)",13,373,23,1,67
BNBR160043,Polestar Bovis,100121179901,WGS84,51.308959,-2.506231,21.19,Permissioned,http://isharemaps.bathnes.gov.uk/data.aspx?requesttype=parsetemplate&template=DevelopmentControlApplication.tmplt&basepage=data.aspx&Filter=%5erefval%5e='07/02424/EOUT'&SearchLayer=DCApplications,http://isharemaps.bathnes.gov.uk/data.aspx?requesttype=parsetemplate&template=DevelopmentControlApplication.tmplt&basepage=data.aspx&Filter=%5erefval%5e='07/02424/EOUT'&SearchLayer=DCApplications,Unknown,,222,222,,,Bath and North East Somerset,Bath and North East Somerset Council,30/06/2016,30/06/2016,"(51.308959, -2.506231)",13,364,23,1,68
BNBR160044,Welton Bag Factory,100121177140,WGS84,51.29081,-2.479186,5.16,Not Permissioned,http://www.bathnes.gov.uk/sites/default/files/sitedocuments/Planning-and-Building-Control/Planning-Policy/Local-Plan/Maps/19A_MIDSOMER_NTN_TC.pdf,http://www.bathnes.gov.uk/sites/default/files/sitedocuments/Planning-and-Building-Control/Planning-Policy/Local-Plan/Maps/19A_MIDSOMER_NTN_TC.pdf,Unknown,,100,,,,Bath and North East Somerset,Bath and North East Somerset Council,30/06/2016,30/06/2016,"(51.29081, -2.479186)",11,283,25,1,11
BNBR160045,Development Site Adj the Sidings,10023110796,WGS84,51.330129,-2.535831,0.5,Permissioned,http://isharemaps.bathnes.gov.uk/data.aspx?requesttype=parsetemplate&template=DevelopmentControlApplication.tmplt&basepage=data.aspx&Filter=%5erefval%5e=%2711/05107/FUL%27&SearchLayer=DCApplications,http://isharemaps.bathnes.gov.uk/data.aspx?requesttype=parsetemplate&template=DevelopmentControlApplication.tmplt&basepage=data.aspx&Filter=%5erefval%5e=%2711/05107/FUL%27&SearchLayer=DCApplications,Unknown,,9,9,,,Bath and North East Somerset,Bath and North East Somerset Council,30/06/2016,30/06/2016,"(51.330129, -2.535831)",5,97,20,1,34
BNBR160046,"Freshford Mill,",10001147175,WGS84,51.335177,-2.307667,2.5,Permissioned,http://isharemaps.bathnes.gov.uk/data.aspx?requesttype=parsetemplate&template=DevelopmentControlApplication.tmplt&basepage=data.aspx&Filter=%5erefval%5e='14/05048/FUL'&SearchLayer=DCApplications,http://isharemaps.bathnes.gov.uk/data.aspx?requesttype=parsetemplate&template=DevelopmentControlApplication.tmplt&basepage=data.aspx&Filter=%5erefval%5e='14/05048/FUL'&SearchLayer=DCApplications,Unknown,,14,14,,,Bath and North East Somerset,Bath and North East Somerset Council,30/06/2016,30/06/2016,"(51.335177, -2.307667)",10,52,10,1,113
BNBR160047,"Leacroft House, Bristol Road, ",100120052013,WGS84,51.310882,-2.632291,1.68,Permissioned,http://isharemaps.bathnes.gov.uk/data.aspx?requesttype=parsetemplate&template=DevelopmentControlApplication.tmplt&basepage=data.aspx&Filter=%5erefval%5e='14/05899/OUT'&SearchLayer=DCApplications,http://isharemaps.bathnes.gov.uk/data.aspx?requesttype=parsetemplate&template=DevelopmentControlApplication.tmplt&basepage=data.aspx&Filter=%5erefval%5e='14/05899/OUT'&SearchLayer=DCApplications,Unknown,,18,18,,,Bath and North East Somerset,Bath and North East Somerset Council,30/06/2016,30/06/2016,"(51.310882, -2.632291)",2,274,21,1,6
BNBR160048,Rentokil Tropical Plants Pipehouse Nursery,10001132055,WGS84,51.33832,-2.322446,0.64,Permissioned,http://isharemaps.bathnes.gov.uk/data.aspx?requesttype=parsetemplate&template=DevelopmentControlApplication.tmplt&basepage=data.aspx&Filter=%5erefval%5e='14/01495/FUL'&SearchLayer=DCApplications,http://isharemaps.bathnes.gov.uk/data.aspx?requesttype=parsetemplate&template=DevelopmentControlApplication.tmplt&basepage=data.aspx&Filter=%5erefval%5e='14/01495/FUL'&SearchLayer=DCApplications,Unknown,,7,7,,,Bath and North East Somerset,Bath and North East Somerset Council,30/06/2016,30/06/2016,"(51.33832, -2.322446)",10,52,10,1,113
BNBR160049,"Temple Inn, ",100121179678,WGS84,51.320605,-2.544,0.29,Permissioned,http://isharemaps.bathnes.gov.uk/data.aspx?requesttype=parsetemplate&template=DevelopmentControlApplication.tmplt&basepage=data.aspx&Filter=%5erefval%5e='13/04457/LBA'&SearchLayer=DCApplications,http://isharemaps.bathnes.gov.uk/data.aspx?requesttype=parsetemplate&template=DevelopmentControlApplication.tmplt&basepage=data.aspx&Filter=%5erefval%5e='13/04457/LBA'&SearchLayer=DCApplications,Unknown,,9,9,,,Bath and North East Somerset,Bath and North East Somerset Council,30/06/2016,30/06/2016,"(51.320605, -2.544)",2,268,20,1,7
BNBR160050,"The Surgery, Madams Paddock",100121180334,WGS84,51.365638,-2.610953,0.09,Permissioned,http://isharemaps.bathnes.gov.uk/data.aspx?requesttype=parsetemplate&template=DevelopmentControlApplication.tmplt&basepage=data.aspx&Filter=%5erefval%5e='13/02172/FUL'&SearchLayer=DCApplications,http://isharemaps.bathnes.gov.uk/data.aspx?requesttype=parsetemplate&template=DevelopmentControlApplication.tmplt&basepage=data.aspx&Filter=%5erefval%5e='13/02172/FUL'&SearchLayer=DCApplications,Unknown,,7,7,,,Bath and North East Somerset,Bath and North East Somerset Council,30/06/2016,30/06/2016,"(51.365638, -2.610953)",6,80,21,1,31
BNBR160051,"The Wharf, Greensbrook, Clutton                                                      ",100121179595,WGS84,51.33089,-2.536572,0.62,Permissioned,http://isharemaps.bathnes.gov.uk/data.aspx?requesttype=parsetemplate&template=DevelopmentControlApplication.tmplt&basepage=data.aspx&Filter=%5erefval%5e='12/00293/FUL'&SearchLayer=DCApplications,http://isharemaps.bathnes.gov.uk/data.aspx?requesttype=parsetemplate&template=DevelopmentControlApplication.tmplt&basepage=data.aspx&Filter=%5erefval%5e='12/00293/FUL'&SearchLayer=DCApplications,Unknown,,15,15,,,Bath and North East Somerset,Bath and North East Somerset Council,30/06/2016,30/06/2016,"(51.33089, -2.536572)",5,97,20,1,34
BNBR160052,"W T Burden Ltd, Bath Road",100121350007,WGS84,51.34082,-2.496992,0.49,Permissioned,http://isharemaps.bathnes.gov.uk/data.aspx?requesttype=parsetemplate&template=DevelopmentControlApplication.tmplt&basepage=data.aspx&Filter=%5erefval%5e='15/04713/RES'&SearchLayer=DCApplications,http://isharemaps.bathnes.gov.uk/data.aspx?requesttype=parsetemplate&template=DevelopmentControlApplication.tmplt&basepage=data.aspx&Filter=%5erefval%5e='15/04713/RES'&SearchLayer=DCApplications,Unknown,,14,14,,,Bath and North East Somerset,Bath and North East Somerset Council,30/06/2016,30/06/2016,"(51.34082, -2.496992)",8,128,16,1,40
BNBR160053,"Westways Garage, Bath Road",10001144389,WGS84,51.356481,-2.484883,0.81,Permissioned,http://isharemaps.bathnes.gov.uk/data.aspx?requesttype=parsetemplate&template=DevelopmentControlApplication.tmplt&basepage=data.aspx&Filter=%5erefval%5e='15/00424/ODCOU'&SearchLayer=DCApplications,http://isharemaps.bathnes.gov.uk/data.aspx?requesttype=parsetemplate&template=DevelopmentControlApplication.tmplt&basepage=data.aspx&Filter=%5erefval%5e='15/00424/ODCOU'&SearchLayer=DCApplications,Unknown,,7,7,,,Bath and North East Somerset,Bath and North East Somerset Council,30/06/2016,30/06/2016,"(51.356481, -2.484883)",8,130,16,1,40
BNBR160054,"Old Colliery Yard,",100121179358,WGS84,51.361226,-2.5506,0.61,Permissioned,http://isharemaps.bathnes.gov.uk/data.aspx?requesttype=parsetemplate&template=DevelopmentControlApplication.tmplt&basepage=data.aspx&Filter=%5erefval%5e='14/02858/FUL'&SearchLayer=DCApplications,http://isharemaps.bathnes.gov.uk/data.aspx?requesttype=parsetemplate&template=DevelopmentControlApplication.tmplt&basepage=data.aspx&Filter=%5erefval%5e='14/02858/FUL'&SearchLayer=DCApplications,Unknown,,6,6,,,Bath and North East Somerset,Bath and North East Somerset Council,30/06/2016,30/06/2016,"(51.361226, -2.5506)",5,102,20,1,34
BNBR160055,"The Old Timber Yard, Tyning Road",10023111097,WGS84,51.396916,-2.313788,2.04,Permissioned,http://isharemaps.bathnes.gov.uk/data.aspx?requesttype=parsetemplate&template=DevelopmentControlApplication.tmplt&basepage=data.aspx&Filter=%5erefval%5e='15/03817/RES'&SearchLayer=DCApplications,http://isharemaps.bathnes.gov.uk/data.aspx?requesttype=parsetemplate&template=DevelopmentControlApplication.tmplt&basepage=data.aspx&Filter=%5erefval%5e='15/03817/RES'&SearchLayer=DCApplications,Unknown,,15,15,,,Bath and North East Somerset,Bath and North East Somerset Council,30/06/2016,30/06/2016,"(51.396916, -2.313788)",1,31,10,1,24
BNBR160056,"Former St MaryÂs School, Burlington Street",100120012421,WGS84,51.388539,-2.365294,0.16,Not permissioned,http://www.bathnes.gov.uk/sites/default/files/sitedocuments/Planning-and-Building-Control/Planning-Policy/Local-Plan/local_plan_141108_web_version.pdf,http://www.bathnes.gov.uk/sites/default/files/sitedocuments/Planning-and-Building-Control/Planning-Policy/Local-Plan/local_plan_141108_web_version.pdf,Unknown,,15,,,,Bath and North East Somerset,Bath and North East Somerset Council,30/06/2016,30/06/2016,"(51.388539, -2.365294)",21,246,7,1,2
